1,
2022-01-03,
British Aerospace 4121 Jetstream 41,
ZS-NRJ    ,
SA Airlink,
Domestic Non Scheduled Passenger,
Accident | repairable-damage,
Airplane - Engines; Airplane - Engines - Prop/turbine blade separation; Collision - Object; Collision - Object - Bird; Result - Emergency; forced landing - On runway,
near Venetia Mine...,
Substantial,
Monday 3 January 2022,
08:10,
03-JAN-2022,
2 Garrett TPE331-14GR-805H,
Fatalities: 0 / Occupants: 3,
Fatalities: 0 / Occupants: 4,
Fatalities: 0 / Occupants: 7,
0,
1995-05-19  (26 years 8 months),
Landing (LDG),
"Johannesburg-O.R. Tambo International Airport (JNB/FAOR) , South Africa",
"Venetia Mine Airport (FAVM) , South Africa",
,
